registration;brand;model;type;year_of_production;name;surname;introduction_date;expiration_date
GDX308Q;Porsche;Panamera;Osobowy;2006;Kamil;Szczepanski;01-12-2021;
GDX0EC1;Mercedes-Benz;S-Class;Osobowy;1990;Bartlomiej;Malinowski;01-12-2021;
GDZSFAE;Kia;Sportage;Osobowy;2005;Karol;Skowronski;01-12-2021;
GDOTA1G;Hyundai;Sonata;Osobowy;1994;Filip;Rutkowski;01-12-2021;
GDNPJJZ;Land Rover;Defender;Osobowy;1992;Patryk;Ostrowski;01-12-2021;
GDUC07C;Tesla;Model Y;Osobowy;1999;Andrzej;Skowronski;01-12-2021;
GDD79ZF;Ford;F-150;Ciezarowy;1995;Kamil;Jakubowski;01-12-2021;
GDQPTNO;Lexus;GX;Osobowy;2000;Marcin;Grzybowski;01-12-2021;
GD2Y78N;Acura;RDX;Osobowy;1995;Kamil;Janik;01-12-2021;
GDSSVKS;Volkswagen;Passat;Osobowy;2017;Roman;Ostrowski;01-12-2021;
GDJUIRM;Land Rover;Range Rover;Osobowy;1990;Adam;Cieslak;01-12-2021;
GD8BQ9P;Jeep;Renegade;Osobowy;2006;Adrian;Krol;01-12-2021;
GD5CDFN;Jaguar;F-Type;Osobowy;2015;Julian;Mikolajczyk;01-12-2021;
GD4AZ3Q;Buick;Encore;Osobowy;1996;Jan;Kaczmarczyk;01-12-2021;
GDCSXPY;Buick;Enclave;Osobowy;2016;Juliusz;Kazmierczak;01-12-2021;
GDOBSV5;Cadillac;CT6;Osobowy;1995;Juliusz;Kaminski;01-12-2021;
GDRGLWX;Subaru;Impreza;Osobowy;2013;Hubert;Dabrowski;01-12-2021;
GD7QL4E;Cadillac;XT5;Osobowy;1992;Adam;Sikorski;01-12-2021;
GDQGF24;Honda;CR-V;Osobowy;2015;Maciej;Kaczmarek;01-12-2021;
GDY07FG;Chevrolet;Equinox;Osobowy;2020;Juliusz;Janik;01-12-2021;
GDRBL87;Toyota;Corolla;Osobowy;2000;Roman;Grabowski;01-12-2021;
GDH3KUS;Volvo;XC90;Osobowy;1998;Emil;Rutkowski;01-12-2021;
GDWV9HE;Chevrolet;Tahoe;Osobowy;2005;Andrzej;Jaworski;01-12-2021;
GDQ0Y8B;Porsche;911;Osobowy;2018;Przemyslaw;Wojcicki;01-12-2021;
GD8D6Q5;Subaru;Forester;Osobowy;1993;Hubert;Nowak;01-12-2021;
GDGPDRE;Acura;MDX;Osobowy;2011;Julian;Kowalczyk;01-12-2021;
GD0V781;BMW;X5;Osobowy;2016;Adrian;Pawlowski;01-12-2021;
GDUPI9H;GMC;Canyon;Ciezarowy;2019;Hubert;Szewczyk;01-12-2021;
GD1583Z;Nissan;Rogue;Osobowy;2019;Damian;Krawczyk;01-12-2021;
GDTC016;Jeep;Cherokee;Osobowy;2013;Kacper;Cieslak;01-12-2021;
GDJ76J2;GMC;Acadia;Osobowy;2020;Filip;Czarnecki;01-12-2021;
GDS3Y9P;Mercedes-Benz;E-Class;Osobowy;1997;Radoslaw;Krzesinski;01-12-2021;
GDFBC3U;Volkswagen;Golf;Osobowy;1995;Lukasz;Kwiatkowski;01-12-2021;
GDOQ5V3;GMC;Yukon;Osobowy;2016;Igor;Golebiowski;01-12-2021;
GDGGQTH;Subaru;Crosstrek;Osobowy;2007;Tymon;Stepnien;01-12-2021;
GDNSGWH;Tesla;Model 3;Osobowy;2022;Tomasz;Sobczyk;01-12-2021;
GDF1VGP;Kia;Sorento;Osobowy;2008;Juliusz;Sokolowski;01-12-2021;
GDLT661;Tesla;Model S;Osobowy;1998;Julian;Nowakowski;01-12-2021;
GD2DMIL;Dodge;Challenger;Osobowy;2007;Artur;Nowacki;01-12-2021;
GDI3NKZ;Chrysler;Voyager;Osobowy;2017;Tymon;Ostrowski;01-12-2021;
GDSZ988;Land Rover;Discovery;Osobowy;2015;Andrzej;Wojciechowski;01-12-2021;
GD57VK4;Lexus;LS;Osobowy;2010;Tomasz;Krawczyk;01-12-2021;
GDNLA5Q;Toyota;RAV4;Osobowy;2006;Jan;Krawczyk;01-12-2021;
GDC4X93;Volkswagen;Jetta;Osobowy;2009;Jacek;Nowakowski;01-12-2021;
GDDGQ5H;Acura;ILX;Osobowy;2006;Milosz;Adamczyk;01-12-2021;
GDIVGZ6;Jaguar;XF;Osobowy;2020;Damian;Sobczyk;01-12-2021;
GD3PJW3;Chevrolet;Silverado;Ciezarowy;2001;Emil;Kaminski;01-12-2021;
GDGNPRW;Mercedes-Benz;C-Class;Osobowy;2013;Julian;Kaczor;01-12-2021;
GDO5SGO;Mini;Countryman;Osobowy;2009;Gabriel;Adamczyk;01-12-2021;
GDYYXAG;Ford;Explorer;Osobowy;2018;Adam;Zajac;01-12-2021;
GD3IF72;Fiat;124 Spider;Osobowy;1993;Dawid;Michalak;01-12-2021;
GD4ZS6H;Toyota;Camry;Osobowy;2006;Dominik;Nowacki;01-12-2021;
GDJNFQE;Lexus;ES;Osobowy;2022;Bartlomiej;Niewiadomski;01-12-2021;
GDEKSEI;Mercedes-Benz;GLC;Osobowy;2008;Marek;Baran;01-12-2021;
GD7LN7O;Volkswagen;Tiguan;Osobowy;2001;Borys;Pajak;01-12-2021;
GDDSB7Y;Cadillac;Escalade;Osobowy;1999;Marcin;Kaczmarek;01-12-2021;
GDRCI78;Jeep;Grand Cherokee;Osobowy;1996;Dawid;Tomaszewski;01-12-2021;
GD8TYQ0;Hyundai;Kona;Osobowy;2021;Marek;Golebiowski;01-12-2021;
GDSWVAB;GMC;Sierra;Ciezarowy;2006;Lukasz;Kaczor;01-12-2021;
GDCI6CR;Mazda;MX-5;Osobowy;2002;Krzysztof;Wojcik;01-12-2021;
GD3FP7C;Volvo;S60;Osobowy;1995;Gabriel;Zajac;01-12-2021;
GDHGZME;Audi;A6;Osobowy;2018;Kajetan;Kozlowski;01-12-2021;
GDO3JS8;Hyundai;Tucson;Osobowy;2019;Grzegorz;Nowakowski;01-12-2021;
GD4VPA8;Audi;Q7;Osobowy;2009;Gabriel;Urbanski;01-12-2021;
GDX5903;Honda;Civic;Osobowy;2007;Juliusz;Nowacki;01-12-2021;
GD6PDJP;Honda;Accord;Osobowy;1993;Filip;Gorski;01-12-2021;
GDXDUFY;Lexus;RX;Osobowy;1999;Marek;Krol;01-12-2021;
GD2IXLH;Chevrolet;Colorado;Ciezarowy;2009;Kamil;Jankowski;01-12-2021;
GDE7GMO;BMW;3 Series;Osobowy;2002;Wojciech;Wilk;01-12-2021;
GDZBURA;Dodge;Durango;Osobowy;2004;Aleksander;Adamczyk;01-12-2021;
GDYGEGK;BMW;X3;Osobowy;2015;Ernest;Chmielewski;01-12-2021;
GDGM9RM;Tesla;Model X;Osobowy;2007;Hubert;Sobczyk;01-12-2021;
GDDUIKW;Mini;Clubman;Osobowy;2009;Jerzy;Jakubowski;01-12-2021;
GDXL9DF;BMW;5 Series;Osobowy;2019;Emil;Grabowski;01-12-2021;
GDL9AKL;Hyundai;Elantra;Osobowy;2009;Oskar;Nowicki;01-12-2021;
GDVG4C7;Subaru;Outback;Osobowy;1995;Ernest;Kwiatkowski;01-12-2021;
GD4X78I;Chrysler;300;Osobowy;2011;Kamil;Piotrowski;01-12-2021;
GDZ3XVE;Honda;Fit;Osobowy;1996;Ernest;Jankowski;01-12-2021;
GDI193N;Kia;Telluride;Osobowy;2005;Ryszard;Rozanski;01-12-2021;
GDWOOY2;Jeep;Wrangler;Osobowy;1990;Ernest;Wlodarczyk;01-12-2021;
GDHAHH2;Fiat;500X;Osobowy;2002;Adrian;Wlodarczyk;01-12-2021;
GD3CBW4;Toyota;4Runner;Osobowy;2020;Julian;Urbanski;01-12-2021;
GDIRLL9;Buick;Regal;Osobowy;2013;Hubert;Kwiatkowski;01-12-2021;
GDMGNFB;Nissan;Murano;Osobowy;2001;Karol;Mazur;01-12-2021;
GDD40IT;Audi;A4;Osobowy;2022;Kacper;Adamczyk;01-12-2021;
GD90T4A;Ford;Edge;Osobowy;1994;Maksymilian;Kowalski;01-12-2021;
GDN3MV4;Jaguar;XE;Osobowy;2015;Marcin;Majewski;01-12-2021;
GDQB2WJ;Porsche;Cayenne;Osobowy;1994;Andrzej;Michalski;01-12-2021;
GDIAC5X;Kia;Optima;Osobowy;2006;Maksymilian;Wojciechowski;01-12-2021;
GDGZZFS;Chrysler;Pacifica;Osobowy;2000;Przemyslaw;Tomczak;01-12-2021;
GDBIF9X;Volvo;XC60;Osobowy;2011;Aleksander;Ostrowski;01-12-2021;
GDSF414;Fiat;500;Osobowy;2016;Gabriel;Sobczyk;01-12-2021;
GDJ353Z;Nissan;Altima;Osobowy;2005;Bartlomiej;Pawlowski;01-12-2021;
GDAVP3S;Dodge;Charger;Osobowy;2009;Marcin;Pajak;01-12-2021;
GD2LZD1;Audi;Q5;Osobowy;2001;Dawid;Walczak;01-12-2021;
GDJ9RIX;Ford;Mustang;Osobowy;2009;Jan;Grabowski;01-12-2021;
GDDQFHP;Mazda;3;Osobowy;2001;Kamil;Madej;01-12-2021;
GDKEYVP;Mini;Cooper;Osobowy;2006;Marek;Sobolewski;01-12-2021;
GDU4E51;Mazda;CX-5;Osobowy;2010;Filip;Niewiadomski;01-12-2021;
GD4LUVE;Nissan;Pathfinder;Osobowy;2011;Wojciech;Rutkowski;01-12-2021;
GDB6E8H;Mini;Clubman;Osobowy;2001;Borys;Mikolajczyk;01-12-2021;
GDVFF65;Honda;CR-V;Osobowy;2015;Bartlomiej;Krol;02-12-2021;
GD674QE;GMC;Yukon;Osobowy;2020;Cezary;Kosinski;03-12-2021;
GDMS89Y;Lexus;GX;Osobowy;1992;Gabriel;Wlodarczyk;04-12-2021;
GDRBCT6;Chevrolet;Colorado;Ciezarowy;2010;Borys;Malinowski;04-12-2021;
GDERV2K;Volkswagen;Tiguan;Osobowy;2003;Jakub;Majewski;05-12-2021;
GDYAE4G;Mercedes-Benz;GLC;Osobowy;2018;Roman;Krawczyk;08-12-2021;
GD20JG1;Jaguar;XE;Osobowy;2014;Kacper;Duda;10-12-2021;
GDEWAVJ;Chevrolet;Tahoe;Osobowy;2001;Jakub;Kaminski;10-12-2021;
GDEUENV;Mazda;3;Osobowy;2016;Jan;Gorski;11-12-2021;
GD12BIP;Toyota;RAV4;Osobowy;2016;Emil;Nowacki;11-12-2021;
GDH7DWG;Audi;A6;Osobowy;2016;Aleksander;Marciniak;12-12-2021;
GD9XDJ5;Cadillac;Escalade;Osobowy;2022;Emil;Kowalczyk;14-12-2021;
GDJ0VE8;Fiat;124 Spider;Osobowy;2011;Kajetan;Golebiowski;15-12-2021;
GDOVDR6;BMW;3 Series;Osobowy;2013;Wojciech;Nowak;16-12-2021;
GD6DW02;Chevrolet;Silverado;Ciezarowy;2017;Maciej;Krupa;18-12-2021;
GDIF90S;Fiat;500;Osobowy;2007;Daniel;Zajac;19-12-2021;
GDW2NGW;Nissan;Rogue;Osobowy;2019;Maksymilian;Kaczmarek;20-12-2021;
GDOBCBV;Toyota;Camry;Osobowy;1991;Artur;Kaczmarek;21-12-2021;
GDZD4YJ;Mini;Clubman;Osobowy;2005;Cezary;Kwiatkowski;21-12-2021;
GDLEAAN;Chrysler;Voyager;Osobowy;2009;Bartlomiej;Nowacki;21-12-2021;
GDLLB28;Fiat;500;Osobowy;1992;Grzegorz;Malinowski;23-12-2021;
GDMJ3L4;Mercedes-Benz;S-Class;Osobowy;1994;Kajetan;Piasecki;23-12-2021;
GDFCBBN;Cadillac;CT6;Osobowy;1995;Jacek;Borowski;24-12-2021;
GDEOEYL;Toyota;Corolla;Osobowy;2006;Cezary;Nowak;24-12-2021;
GD72RX2;Porsche;Panamera;Osobowy;2014;Maciej;Kazmierczak;26-12-2021;
GD4IB7E;Chrysler;Pacifica;Osobowy;2009;Milosz;Mikolajczyk;29-12-2021;
GDA0ZCN;GMC;Sierra;Ciezarowy;2018;Gabriel;Jakubowski;30-12-2021;
GD4LS7U;Land Rover;Range Rover;Osobowy;2020;Arkadiusz;Kolodziej;31-12-2021;
GDUJWXP;Acura;MDX;Osobowy;2009;Benedykt;Nowicki;03-01-2022;
GD1TXI2;Chevrolet;Colorado;Ciezarowy;2008;Adam;Urbanski;04-01-2022;
GDGDHT8;Mazda;MX-5;Osobowy;2003;Robert;Golebiowski;04-01-2022;
GD5GC0N;Honda;Civic;Osobowy;2010;Borys;Sikorski;05-01-2022;
GDSGKX9;Jeep;Cherokee;Osobowy;2006;Wiktor;Mucha;06-01-2022;
GD4MYQE;Nissan;Pathfinder;Osobowy;2007;Gabriel;Kaczor;10-01-2022;
GDDWYGQ;Dodge;Charger;Osobowy;2005;Kamil;Baran;10-01-2022;
GDHGE6B;Mercedes-Benz;C-Class;Osobowy;1994;Stanislaw;Jozwiak;12-01-2022;
GDFET6V;Tesla;Model S;Osobowy;1999;Krzysztof;Cieslak;13-01-2022;
GDLUJQV;Nissan;Altima;Osobowy;2011;Maciej;Piasecki;15-01-2022;
GDJKY7X;Volvo;S60;Osobowy;1994;Kacper;Sikora;16-01-2022;
GDVLXBG;Kia;Sportage;Osobowy;2002;Bartlomiej;Lewandowski;16-01-2022;
GDLZS5D;Honda;Civic;Osobowy;2011;Cezary;Romanowski;17-01-2022;
GD22TAD;Toyota;RAV4;Osobowy;2022;Grzegorz;Majewski;17-01-2022;
GDTPV6N;Chrysler;300;Osobowy;2001;Adrian;Kaminski;17-01-2022;
GDVUJQP;Nissan;Murano;Osobowy;2005;Juliusz;Tomasik;18-01-2022;
GDCK3RP;Mercedes-Benz;GLC;Osobowy;1991;Dawid;Czerwinski;18-01-2022;
GDVIIQY;Dodge;Durango;Osobowy;1995;Kazimierz;Kaczor;19-01-2022;
GDLP7W1;GMC;Yukon;Osobowy;1998;Kajetan;Kowalczyk;19-01-2022;
GDRDCT6;Mercedes-Benz;S-Class;Osobowy;2020;Jacek;Czarnecki;20-01-2022;
GDCQAKA;Chevrolet;Colorado;Ciezarowy;1995;Wojciech;Sikorski;22-01-2022;
GD35Z12;Volvo;S60;Osobowy;2010;Bartlomiej;Kaczmarczyk;24-01-2022;
GDHRHK6;Toyota;Corolla;Osobowy;2001;Kajetan;Wisniewski;25-01-2022;
GDWN27I;BMW;X3;Osobowy;2003;Dominik;Rutkowski;26-01-2022;
GDZGZI0;Volvo;XC90;Osobowy;2000;Jan;Jozwiak;27-01-2022;
GD0J8YL;Chevrolet;Silverado;Ciezarowy;2000;Arkadiusz;Kosinski;28-01-2022;
GDTGPHC;Audi;Q5;Osobowy;2016;Dawid;Ostrowski;29-01-2022;
GD0LN28;Honda;Civic;Osobowy;1995;Roman;Walczak;29-01-2022;
GDP1GIO;GMC;Acadia;Osobowy;2000;Kajetan;Kowalik;30-01-2022;
GDO88NQ;Mini;Countryman;Osobowy;1990;Antoni;Kwiatkowski;31-01-2022;
GD6V9ZS;Jaguar;XF;Osobowy;2001;Ernest;Bednarek;01-02-2022;
GDPNDAO;Tesla;Model Y;Osobowy;2003;Maksymilian;Stepnien;01-02-2022;
GDNQMWX;Chrysler;Voyager;Osobowy;2013;Karol;Lewandowski;02-02-2022;
GDQ158S;Acura;RDX;Osobowy;1995;Cezary;Wisniewski;03-02-2022;
GDQGDET;Lexus;GX;Osobowy;2019;Oskar;Czerwinski;03-02-2022;
GDS0J5M;Hyundai;Tucson;Osobowy;2006;Andrzej;Krzesinski;03-02-2022;
GDMP9ZI;Subaru;Impreza;Osobowy;2007;Jan;Kurek;05-02-2022;
GDOYFUJ;GMC;Yukon;Osobowy;2021;Hubert;Urbanski;05-02-2022;
GDRVRLI;Ford;Mustang;Osobowy;1996;Cezary;Grzybowski;06-02-2022;
GDYWMWO;Audi;A6;Osobowy;2003;Borys;Walczak;08-02-2022;
GDIMJDF;Mini;Clubman;Osobowy;1992;Antoni;Mazur;08-02-2022;
GDPH3V2;Audi;Q7;Osobowy;2001;Adam;Kaczmarczyk;11-02-2022;
GD52KK7;Chevrolet;Colorado;Ciezarowy;2006;Krzysztof;Majewski;13-02-2022;
GDQZTKF;Dodge;Challenger;Osobowy;2005;Kacper;Szczepanski;14-02-2022;
GD8P95Z;Volvo;XC90;Osobowy;2005;Hubert;Kosinski;15-02-2022;
GD2XPQM;Hyundai;Kona;Osobowy;2022;Cezary;Adamski;17-02-2022;
GDIMCCV;Chrysler;Pacifica;Osobowy;1998;Damian;Kaczor;18-02-2022;
GD1H6PW;Tesla;Model Y;Osobowy;2006;Benedykt;Krol;19-02-2022;
GDV19VD;Honda;Civic;Osobowy;1992;Benedykt;Szczepanski;20-02-2022;
GDY1XF5;Audi;A4;Osobowy;2000;Grzegorz;Kowalik;21-02-2022;
GDH35E5;Nissan;Rogue;Osobowy;1990;Dawid;Stepnien;22-02-2022;
GD02N0N;Tesla;Model S;Osobowy;2006;Krzysztof;Sobolewski;22-02-2022;
GDLY4NW;Buick;Enclave;Osobowy;2021;Jan;Borkowski;23-02-2022;
GDV01RE;Buick;Enclave;Osobowy;2005;Stanislaw;Pawlowski;28-02-2022;
GD9BX63;Dodge;Durango;Osobowy;1998;Aleksander;Malinowski;01-03-2022;
GD72BAC;Nissan;Rogue;Osobowy;1990;Kajetan;Michalak;02-03-2022;
GDX0L7F;Chevrolet;Colorado;Ciezarowy;2006;Szymon;Piasecki;03-03-2022;
GDDZ5DT;Ford;Explorer;Osobowy;1991;Milosz;Duda;05-03-2022;
GD6TPG2;Audi;A6;Osobowy;2002;Krzysztof;Wisniewski;06-03-2022;
GDXQR3X;BMW;3 Series;Osobowy;1996;Arkadiusz;Sikora;06-03-2022;
GDZI8GW;Chrysler;300;Osobowy;2013;Emil;Sobolewski;06-03-2022;
GD16ZB7;Kia;Sportage;Osobowy;1995;Arkadiusz;Kowalski;07-03-2022;
GDPXWMQ;Chevrolet;Equinox;Osobowy;1997;Dominik;Romanowski;07-03-2022;
GD5J48A;Mercedes-Benz;C-Class;Osobowy;1995;Grzegorz;Kaminski;07-03-2022;
GDQAQZT;Buick;Encore;Osobowy;1993;Jacek;Sadowski;08-03-2022;
GDSZ9VV;Honda;CR-V;Osobowy;2011;Kajetan;Chmielewski;08-03-2022;
GDJBJUT;Porsche;Cayenne;Osobowy;1997;Kazimierz;Gorski;11-03-2022;
GDUPGH6;Jeep;Wrangler;Osobowy;2003;Przemyslaw;Kosinski;11-03-2022;
GDLCARY;BMW;3 Series;Osobowy;1990;Arkadiusz;Nowak;11-03-2022;
GDC5PHU;Audi;Q7;Osobowy;1994;Arkadiusz;Borowski;12-03-2022;
GD53CK1;Chevrolet;Silverado;Ciezarowy;2002;Bartlomiej;Sikorski;13-03-2022;
GD7NXS9;Tesla;Model 3;Osobowy;2020;Kacper;Jozwiak;13-03-2022;
GDJFBN9;Buick;Encore;Osobowy;1992;Oskar;Baranowski;17-03-2022;
GDAVC3N;GMC;Yukon;Osobowy;2011;Borys;Nowak;17-03-2022;
GD7D5BN;Chevrolet;Silverado;Ciezarowy;2015;Adrian;Zajac;18-03-2022;
GD3PNAK;Volvo;S60;Osobowy;1990;Sebastian;Nowak;19-03-2022;
GD1B1DH;Land Rover;Discovery;Osobowy;1994;Milosz;Kubiak;22-03-2022;
GDF24O8;Volkswagen;Golf;Osobowy;1990;Kajetan;Sikora;22-03-2022;
GDSXKZE;Volvo;XC90;Osobowy;2012;Jakub;Tomasik;26-03-2022;
GDWO78H;Mini;Countryman;Osobowy;2020;Gabriel;Borkowski;26-03-2022;
GDCH0HP;Cadillac;CT6;Osobowy;2010;Adrian;Jakubowski;28-03-2022;
GD6GBSQ;Kia;Sorento;Osobowy;2001;Konrad;Kurek;29-03-2022;
GD5ST46;Toyota;RAV4;Osobowy;1992;Cezary;Krzesinski;29-03-2022;
GD23CMC;Ford;Explorer;Osobowy;2000;Daniel;Kaminski;30-03-2022;
GDWTUI6;Nissan;Murano;Osobowy;2013;Karol;Nowakowski;31-03-2022;
GD5T800;Mazda;3;Osobowy;2005;Borys;Kaczmarek;31-03-2022;
GDE3HGD;Mercedes-Benz;S-Class;Osobowy;2005;Adam;Piasecki;01-04-2022;
GDY8CR6;Mazda;3;Osobowy;2004;Kamil;Wozniak;01-04-2022;
GD4JFHN;Jeep;Renegade;Osobowy;2011;Kacper;Rozanski;03-04-2022;
GDBU7HC;GMC;Sierra;Ciezarowy;1998;Igor;Dabrowski;04-04-2022;
GDW4RFY;Buick;Regal;Osobowy;2005;Slawomir;Grabowski;05-04-2022;
GDCM7MW;Honda;CR-V;Osobowy;2016;Konrad;Rutkowski;05-04-2022;
GDOGYMC;Toyota;RAV4;Osobowy;1998;Julian;Kubiak;06-04-2022;
GDHP0FY;Chevrolet;Silverado;Ciezarowy;2022;Borys;Kazmierczak;07-04-2022;
GD8IM6Q;Hyundai;Elantra;Osobowy;2015;Gabriel;Walczak;09-04-2022;
GD75NJO;Toyota;4Runner;Osobowy;2000;Andrzej;Grzybowski;09-04-2022;
GD2J4OB;Tesla;Model Y;Osobowy;2021;Radoslaw;Michalski;09-04-2022;
GD6ZMLK;Land Rover;Discovery;Osobowy;2006;Dominik;Sikorski;09-04-2022;
GDYQME9;Volvo;S60;Osobowy;1991;Maciej;Tomasik;10-04-2022;
GDJ5F7C;Chrysler;300;Osobowy;2020;Juliusz;Borowski;11-04-2022;
GDZOOXC;Volkswagen;Passat;Osobowy;2008;Piotr;Kubiak;12-04-2022;
GDD3I25;Lexus;RX;Osobowy;1991;Wiktor;Lech;13-04-2022;
GDNG1SB;Ford;Mustang;Osobowy;1994;Kajetan;Dabrowski;13-04-2022;
GDD0FGM;Ford;Edge;Osobowy;1998;Roman;Nowakowski;14-04-2022;
GDTWSES;Volkswagen;Golf;Osobowy;1990;Roman;Urbanski;15-04-2022;
GDOVMVE;GMC;Acadia;Osobowy;2021;Borys;Gorski;15-04-2022;
GDV3LYH;Mercedes-Benz;E-Class;Osobowy;2002;Hubert;Golebiowski;16-04-2022;
GDP4K5X;Cadillac;XT5;Osobowy;2013;Jakub;Jozwiak;17-04-2022;
GD6L8SB;BMW;X5;Osobowy;2012;Grzegorz;Rutkowski;17-04-2022;
GD6VY6L;Volkswagen;Golf;Osobowy;2007;Lukasz;Krol;18-04-2022;
GD3CP21;Acura;ILX;Osobowy;2003;Emil;Zajac;18-04-2022;
GDFKSLX;Hyundai;Kona;Osobowy;2022;Jerzy;Nowak;19-04-2022;
GDQIE6I;Toyota;Corolla;Osobowy;2009;Adrian;Zielinski;20-04-2022;
GDUKN4E;Audi;A6;Osobowy;2016;Artur;Majewski;21-04-2022;
GDMG9VS;BMW;5 Series;Osobowy;1994;Benedykt;Marciniak;21-04-2022;
GDEPWFJ;Subaru;Outback;Osobowy;1998;Cezary;Jablonski;22-04-2022;
GDND9NQ;Buick;Enclave;Osobowy;2011;Dominik;Olczyk;22-04-2022;
GDPKJ8U;Jeep;Wrangler;Osobowy;2017;Emil;Zielinski;24-04-2022;
GDG6QNG;Tesla;Model Y;Osobowy;2020;Adam;Sadowski;27-04-2022;
GDLKMHA;Jaguar;XE;Osobowy;2005;Gabriel;Malinowski;28-04-2022;
GD9XJWJ;Audi;Q7;Osobowy;2008;Wiktor;Stepnien;29-04-2022;
GDZ0C8D;Chevrolet;Equinox;Osobowy;1994;Arkadiusz;Dabrowski;29-04-2022;
GDEPIXW;BMW;X3;Osobowy;2008;Benedykt;Mikolajczyk;29-04-2022;
GDVJ1VJ;Chevrolet;Equinox;Osobowy;2018;Lukasz;Tomasik;30-04-2022;
GDKE6KP;Subaru;Forester;Osobowy;1998;Adam;Wojcik;01-05-2022;
GDO3XFY;GMC;Canyon;Ciezarowy;2017;Filip;Borowski;02-05-2022;
GD4L7P5;Mercedes-Benz;S-Class;Osobowy;2008;Benedykt;Adamczyk;03-05-2022;
GDPJFHW;Volkswagen;Jetta;Osobowy;1992;Kacper;Szczepanski;04-05-2022;
GDQBY3M;Ford;Mustang;Osobowy;1996;Szymon;Adamczyk;05-05-2022;
GDBCNFN;Tesla;Model 3;Osobowy;2011;Cezary;Chmielewski;05-05-2022;
GDNNN22;Mercedes-Benz;GLC;Osobowy;2000;Robert;Grzybowski;05-05-2022;
GD9WB38;Jaguar;F-Type;Osobowy;1994;Juliusz;Wozniak;07-05-2022;
GDKNR8N;Cadillac;XT5;Osobowy;2021;Szymon;Czerwinski;07-05-2022;
GDDXTFS;Honda;Civic;Osobowy;2002;Kajetan;Kwiatkowski;08-05-2022;
GDLBQOB;Kia;Optima;Osobowy;2011;Aleksander;Jablonski;09-05-2022;
GDOB5YH;Chevrolet;Silverado;Ciezarowy;2002;Artur;Baranowski;09-05-2022;
GDEO2MT;Mini;Cooper;Osobowy;2022;Jan;Sikorski;10-05-2022;
GD7OPKX;Chevrolet;Silverado;Ciezarowy;2021;Robert;Szymanski;17-05-2022;
GDNSOQI;Land Rover;Discovery;Osobowy;1991;Jerzy;Mikolajczyk;17-05-2022;
GD16CNC;Tesla;Model Y;Osobowy;2019;Marek;Zajac;18-05-2022;
GDC8APH;Jeep;Cherokee;Osobowy;2010;Maksymilian;Malinowski;19-05-2022;
GDZLX9K;Volkswagen;Jetta;Osobowy;2021;Patryk;Kurek;24-05-2022;
GDD2K99;Kia;Optima;Osobowy;2010;Jakub;Cieslak;25-05-2022;
GDWG0T4;Fiat;500;Osobowy;2020;Arkadiusz;Golebiowski;25-05-2022;
GDN21V5;BMW;3 Series;Osobowy;2012;Grzegorz;Kowalczyk;26-05-2022;
GDXK2GS;Fiat;500;Osobowy;2022;Jacek;Wozniak;29-05-2022;
GD34IBE;Subaru;Forester;Osobowy;2002;Tomasz;Zalewski;30-05-2022;
GD3E6X6;Buick;Encore;Osobowy;2017;Gabriel;Kaczmarek;30-05-2022;
GDISF07;Ford;Explorer;Osobowy;2001;Kacper;Rozanski;31-05-2022;
GD16JB5;Chevrolet;Tahoe;Osobowy;2014;Tymon;Zalewski;31-05-2022;
GDGJEZG;Tesla;Model S;Osobowy;2006;Dawid;Borowski;31-05-2022;
GD467UY;Kia;Sportage;Osobowy;2012;Grzegorz;Wojciechowski;01-06-2022;
GDZGGOF;Subaru;Outback;Osobowy;1992;Adrian;Michalski;03-06-2022;
GDEW8SR;Hyundai;Kona;Osobowy;2020;Bartlomiej;Kowalski;04-06-2022;
GD9DDJ2;GMC;Yukon;Osobowy;1996;Damian;Kurek;05-06-2022;
GDDCDYF;Volkswagen;Tiguan;Osobowy;1998;Maciej;Janik;05-06-2022;
GDZLKUO;Dodge;Charger;Osobowy;2020;Daniel;Mucha;05-06-2022;
GDSG1TD;Chevrolet;Tahoe;Osobowy;2019;Juliusz;Borkowski;06-06-2022;
GDOWN1C;Land Rover;Defender;Osobowy;1999;Kazimierz;Zielinski;08-06-2022;
GDCIWIG;Tesla;Model X;Osobowy;1994;Krzysztof;Wilk;08-06-2022;
GDO96A6;Audi;A4;Osobowy;2012;Ryszard;Zawadzki;09-06-2022;
GDKVFDX;Cadillac;Escalade;Osobowy;2017;Lukasz;Nowak;11-06-2022;
GDQG10J;Mercedes-Benz;E-Class;Osobowy;1994;Kacper;Kowalski;12-06-2022;
GD9ZM54;Tesla;Model X;Osobowy;2004;Jan;Wieczorek;13-06-2022;
GDATUYZ;Acura;MDX;Osobowy;2004;Benedykt;Kwiatkowski;14-06-2022;
GDJ4ITU;Volvo;XC90;Osobowy;2019;Artur;Krzesinski;15-06-2022;
GDP6NCE;Fiat;500;Osobowy;2003;Jerzy;Jozwiak;16-06-2022;
GDRL8OP;Land Rover;Range Rover;Osobowy;2000;Adam;Sikora;19-06-2022;
GDJEH8P;Ford;Explorer;Osobowy;1993;Jakub;Skiba;21-06-2022;
GDRZ2KH;Volvo;S60;Osobowy;2010;Marcin;Nowacki;22-06-2022;
GDPGGBI;Audi;A6;Osobowy;2008;Kajetan;Baranowski;22-06-2022;
GD0IVOI;Dodge;Challenger;Osobowy;2014;Ryszard;Sikora;25-06-2022;
GD5ANSF;Tesla;Model Y;Osobowy;2013;Kacper;Jablonski;25-06-2022;
GDJ5QY9;Chevrolet;Tahoe;Osobowy;1990;Bartlomiej;Piasecki;25-06-2022;
GDA624I;Jeep;Grand Cherokee;Osobowy;2016;Dominik;Czarnecki;26-06-2022;
GDGGW1S;Audi;Q7;Osobowy;1992;Marcin;Sikorski;27-06-2022;
GD9KMG4;Mercedes-Benz;C-Class;Osobowy;2013;Grzegorz;Skowronski;28-06-2022;
GDT2ZA5;Volvo;XC60;Osobowy;1997;Aleksander;Majewski;28-06-2022;
GDOYPO8;Mazda;CX-5;Osobowy;1995;Daniel;Lewandowski;29-06-2022;
GDWYZ4U;Ford;Mustang;Osobowy;2010;Hubert;Rutkowski;30-06-2022;
GDL9ITB;Audi;Q7;Osobowy;1996;Oskar;Kubiak;30-06-2022;
GDFUUKX;Mini;Cooper;Osobowy;1991;Konrad;Jankowski;01-07-2022;
GDXEXFC;Fiat;500X;Osobowy;2000;Sebastian;Bednarek;03-07-2022;
GDLG3Y4;Buick;Regal;Osobowy;2002;Daniel;Skiba;04-07-2022;
GD26IB6;Dodge;Durango;Osobowy;1999;Marek;Piotrowski;04-07-2022;
GDL8HZ0;Chevrolet;Tahoe;Osobowy;1999;Jerzy;Skiba;05-07-2022;
GDOUI8L;Land Rover;Defender;Osobowy;1992;Michal;Sikora;08-07-2022;
GDOJ6DI;Cadillac;XT5;Osobowy;2021;Stanislaw;Sikora;09-07-2022;
GD81E27;Buick;Regal;Osobowy;2014;Kajetan;Nowicki;09-07-2022;
GDVH5QA;Tesla;Model Y;Osobowy;1997;Emil;Adamski;11-07-2022;
GD6WM4D;Mercedes-Benz;E-Class;Osobowy;2019;Maciej;Szymanski;13-07-2022;
GDKIMHQ;Hyundai;Kona;Osobowy;1995;Stanislaw;Krajewski;17-07-2022;
GDYHZ5M;GMC;Sierra;Ciezarowy;2011;Kacper;Sikora;18-07-2022;
GD9CUJP;Buick;Regal;Osobowy;2010;Aleksander;Wojciechowski;19-07-2022;
GDKW13S;Mercedes-Benz;E-Class;Osobowy;2022;Filip;Ostrowski;20-07-2022;
GD6446T;Toyota;RAV4;Osobowy;2011;Slawomir;Kaczor;21-07-2022;
GDRUPWJ;Chevrolet;Tahoe;Osobowy;1998;Juliusz;Sikora;22-07-2022;
GDZTSPZ;Tesla;Model S;Osobowy;1998;Igor;Zalewski;26-07-2022;
GD6BM8Z;Jaguar;XF;Osobowy;1993;Adam;Piotrowski;26-07-2022;
GDE22L9;Land Rover;Defender;Osobowy;2021;Robert;Kolodziej;27-07-2022;
GDA7YWJ;Jeep;Cherokee;Osobowy;1992;Daniel;Sobczyk;28-07-2022;
GD9HB96;Tesla;Model 3;Osobowy;2014;Kacper;Janik;29-07-2022;
GD3FRIU;Volkswagen;Passat;Osobowy;1995;Kazimierz;Romanowski;29-07-2022;
GDO4F1Z;Toyota;RAV4;Osobowy;2012;Bartlomiej;Kosinski;04-08-2022;
GDHA935;Chevrolet;Equinox;Osobowy;2016;Igor;Borkowski;06-08-2022;
GD3LHC9;Honda;Civic;Osobowy;2020;Maciej;Borkowski;07-08-2022;
GD6H974;Chevrolet;Silverado;Ciezarowy;1998;Marcin;Kazmierczak;07-08-2022;
GDQX1XU;Volkswagen;Jetta;Osobowy;1995;Arkadiusz;Jozwiak;07-08-2022;
GDHF812;Chevrolet;Tahoe;Osobowy;1997;Oskar;Janik;10-08-2022;
GD8N9GH;Ford;F-150;Ciezarowy;1999;Roman;Cieslak;11-08-2022;
GDC4KQ3;Mercedes-Benz;GLC;Osobowy;2002;Jan;Baran;13-08-2022;
GD97G8H;Jaguar;XE;Osobowy;2012;Grzegorz;Chmielewski;14-08-2022;
GDS0WPZ;Hyundai;Sonata;Osobowy;1994;Aleksander;Chmielewski;15-08-2022;
GDH0C5J;Porsche;Panamera;Osobowy;2012;Adrian;Adamski;15-08-2022;
GDT4162;Land Rover;Defender;Osobowy;2003;Damian;Kowalski;16-08-2022;
GD6HJDG;Hyundai;Kona;Osobowy;2002;Konrad;Kubiak;17-08-2022;
GDD0F1P;Chevrolet;Equinox;Osobowy;2004;Dominik;Janik;18-08-2022;
GD8E030;Tesla;Model X;Osobowy;1996;Damian;Borowski;19-08-2022;
GDZYXE2;Dodge;Challenger;Osobowy;2005;Karol;Kaminski;22-08-2022;
GDQTGX6;Dodge;Challenger;Osobowy;1990;Antoni;Olczyk;24-08-2022;
GD3TAAA;Volvo;XC90;Osobowy;1994;Bartlomiej;Marciniak;25-08-2022;
GD4WNPU;Tesla;Model X;Osobowy;2014;Patryk;Czerwinski;26-08-2022;
GDKXSLW;Tesla;Model Y;Osobowy;2001;Borys;Madej;28-08-2022;
GDW2CCH;BMW;X3;Osobowy;2007;Emil;Nowak;29-08-2022;
GDI1N87;Lexus;RX;Osobowy;2003;Emil;Grabowski;30-08-2022;
GD0V1FW;Ford;Explorer;Osobowy;1994;Ryszard;Baran;30-08-2022;
GDIEIAR;Hyundai;Sonata;Osobowy;2002;Emil;Sadowski;02-09-2022;
GDBLQZ5;Tesla;Model S;Osobowy;2008;Lukasz;Lewandowski;02-09-2022;
GDTA6HM;Nissan;Murano;Osobowy;2019;Tomasz;Madej;02-09-2022;
GDU1MQG;Toyota;Corolla;Osobowy;2017;Lukasz;Szymanski;02-09-2022;
GDW5I0N;Honda;Civic;Osobowy;2005;Szymon;Grabowski;03-09-2022;
GDF51VA;Volkswagen;Golf;Osobowy;2017;Julian;Krol;04-09-2022;
GD23HG8;Jeep;Grand Cherokee;Osobowy;2008;Jakub;Chmielewski;04-09-2022;
GDMMM2E;Ford;Mustang;Osobowy;2004;Wiktor;Michalski;05-09-2022;
GD2AC9A;Mini;Cooper;Osobowy;2000;Cezary;Sokolowski;06-09-2022;
GDXCND7;GMC;Sierra;Ciezarowy;1995;Jakub;Sikora;08-09-2022;
GD1R5D6;Chevrolet;Tahoe;Osobowy;2006;Antoni;Sikorski;08-09-2022;
GD3YFV9;Nissan;Murano;Osobowy;1994;Juliusz;Sadowski;09-09-2022;
GD2DTVQ;Chevrolet;Silverado;Ciezarowy;1995;Dominik;Jozwiak;09-09-2022;
GDFR6WT;Ford;Explorer;Osobowy;2003;Marcin;Baranowski;10-09-2022;
GD01GVG;Mini;Countryman;Osobowy;2004;Wojciech;Kubiak;11-09-2022;
GDOYESL;Tesla;Model S;Osobowy;2012;Lukasz;Jablonski;11-09-2022;
GDMVJ6Z;Mazda;3;Osobowy;2009;Marcin;Tomaszewski;12-09-2022;
GDLQSJ0;Hyundai;Elantra;Osobowy;1998;Julian;Wlodarczyk;12-09-2022;
GD6SKEA;Subaru;Crosstrek;Osobowy;1997;Szymon;Kowalski;12-09-2022;
GDC0DM6;Honda;Civic;Osobowy;1992;Bartlomiej;Borowski;15-09-2022;
GDN50H5;Acura;RDX;Osobowy;2021;Gabriel;Kurek;17-09-2022;
GD9H6OD;GMC;Canyon;Ciezarowy;2012;Konrad;Sokolowski;17-09-2022;
GDMMJDL;Volvo;S60;Osobowy;1990;Filip;Adamczyk;18-09-2022;
GDU4HAO;Acura;RDX;Osobowy;1999;Gabriel;Baranowski;19-09-2022;
GDF0ZB6;Land Rover;Discovery;Osobowy;2001;Jakub;Grabowski;21-09-2022;
GDDB27R;Jeep;Grand Cherokee;Osobowy;2022;Michal;Kaczmarczyk;22-09-2022;
GDF5ZYW;Toyota;4Runner;Osobowy;2005;Borys;Niewiadomski;23-09-2022;
GDLX29G;Buick;Regal;Osobowy;2000;Ernest;Kowalski;23-09-2022;
GD13Z07;Acura;MDX;Osobowy;2020;Gabriel;Grabowski;24-09-2022;
GDFXE6U;Jeep;Renegade;Osobowy;2000;Arkadiusz;Kaczmarczyk;24-09-2022;
GDBMMPL;Volkswagen;Golf;Osobowy;1997;Marek;Olczyk;25-09-2022;
GD6BUUQ;Toyota;RAV4;Osobowy;1990;Aleksander;Madej;27-09-2022;
GDBX52O;Mercedes-Benz;E-Class;Osobowy;2004;Adam;Wojcik;28-09-2022;
GD7ZFBN;Toyota;Corolla;Osobowy;1992;Gabriel;Mazur;28-09-2022;
GDTDCK5;Volkswagen;Golf;Osobowy;2019;Krzysztof;Wojciechowski;30-09-2022;
GD5EU1P;Jeep;Grand Cherokee;Osobowy;2021;Filip;Kowalik;01-10-2022;
GDXR7RY;Volvo;S60;Osobowy;2004;Robert;Cieslak;01-10-2022;
GDHUUOH;Cadillac;CT6;Osobowy;2004;Aleksander;Skowronski;03-10-2022;
GD6AV01;Chevrolet;Tahoe;Osobowy;2008;Filip;Jozwiak;03-10-2022;
GDJL7IA;Hyundai;Kona;Osobowy;2001;Cezary;Jakubowski;03-10-2022;
GDIO8HZ;Chrysler;Voyager;Osobowy;2002;Adrian;Jablonski;04-10-2022;
GDJABF0;Mercedes-Benz;C-Class;Osobowy;2017;Borys;Kowalski;04-10-2022;
GDDV929;Audi;Q5;Osobowy;2022;Marcin;Skowronski;05-10-2022;
GD72QR5;Porsche;911;Osobowy;2019;Radoslaw;Mazur;06-10-2022;
GDTST89;Ford;F-150;Ciezarowy;2012;Marcin;Michalski;06-10-2022;
GD19N6I;GMC;Canyon;Ciezarowy;2001;Emil;Lewandowski;06-10-2022;
GD7T04X;Ford;Mustang;Osobowy;2011;Piotr;Skowronski;07-10-2022;
GDVR6RE;Chrysler;Voyager;Osobowy;2016;Maksymilian;Cieslak;08-10-2022;
GDRFWL9;Mercedes-Benz;GLC;Osobowy;2002;Arkadiusz;Sokolowski;09-10-2022;
GD0WBX5;Porsche;Panamera;Osobowy;1995;Patryk;Kubiak;10-10-2022;
GDIG665;Kia;Sportage;Osobowy;2014;Kacper;Olczyk;10-10-2022;
GD6E6GY;Hyundai;Elantra;Osobowy;2021;Artur;Jakubowski;10-10-2022;
GDTDF74;Chrysler;Voyager;Osobowy;2009;Cezary;Borowski;12-10-2022;
GDGPDGI;Ford;F-150;Ciezarowy;2000;Lukasz;Duda;12-10-2022;
GD5SA6X;Mazda;MX-5;Osobowy;2005;Adrian;Baranowski;14-10-2022;
GD68IV0;BMW;X5;Osobowy;1996;Patryk;Zajac;14-10-2022;
GDA0QNY;Tesla;Model X;Osobowy;2001;Konrad;Wieczorek;15-10-2022;
GD2XZ19;Cadillac;XT5;Osobowy;2015;Bartlomiej;Wojcicki;15-10-2022;
GDUVQTT;Kia;Optima;Osobowy;2008;Kacper;Wozniak;16-10-2022;
GD00NYQ;Ford;Mustang;Osobowy;2005;Karol;Ostrowski;16-10-2022;
GDEVACZ;Volvo;XC90;Osobowy;2014;Jerzy;Wozniak;17-10-2022;
GDCYR55;Jeep;Cherokee;Osobowy;2010;Marcin;Janik;18-10-2022;
GD0V85P;BMW;3 Series;Osobowy;1992;Tomasz;Nowakowski;19-10-2022;
GDGRTI0;Nissan;Rogue;Osobowy;1996;Kacper;Sikorski;20-10-2022;
GD0TGDY;Volkswagen;Passat;Osobowy;2005;Juliusz;Grzybowski;20-10-2022;
GD0EU8C;Dodge;Charger;Osobowy;2011;Hubert;Wieczorek;23-10-2022;
GDSMZLS;Ford;Explorer;Osobowy;2014;Maksymilian;Palka;24-10-2022;
GDOUQ0U;Land Rover;Defender;Osobowy;2021;Jerzy;Kaczmarek;24-10-2022;
GDAVW80;Ford;Mustang;Osobowy;2015;Kazimierz;Czerwinski;24-10-2022;
GDTB5P4;Chevrolet;Colorado;Ciezarowy;1999;Daniel;Sadowski;24-10-2022;
GDIMNJD;BMW;X5;Osobowy;1997;Borys;Kubiak;25-10-2022;
GDQ4VT0;Land Rover;Defender;Osobowy;1999;Ryszard;Wlodarczyk;26-10-2022;
GDNU7Z4;Porsche;Cayenne;Osobowy;1995;Konrad;Adamski;26-10-2022;
GD61N8A;Kia;Telluride;Osobowy;2013;Borys;Wojcik;27-10-2022;
GDF2O6P;Lexus;ES;Osobowy;2018;Arkadiusz;Mikolajczyk;27-10-2022;
GDTUVW6;Lexus;ES;Osobowy;1993;Cezary;Sikora;28-10-2022;
GDY3FLO;Kia;Sportage;Osobowy;1992;Przemyslaw;Chmielewski;29-10-2022;
GDL3GGV;Land Rover;Range Rover;Osobowy;2006;Kacper;Mucha;29-10-2022;
GDZKR8A;Mercedes-Benz;GLC;Osobowy;2022;Jan;Wisniewski;31-10-2022;
GDEWV1Y;GMC;Canyon;Ciezarowy;2003;Antoni;Nowak;31-10-2022;
GDHVYWB;Honda;CR-V;Osobowy;1998;Grzegorz;Rutkowski;03-11-2022;
GDO7FVJ;Toyota;RAV4;Osobowy;2005;Lukasz;Mikolajczyk;03-11-2022;
GDDTALT;Land Rover;Discovery;Osobowy;2011;Julian;Malinowski;04-11-2022;
GDFNCBM;Chevrolet;Equinox;Osobowy;2014;Adrian;Mucha;04-11-2022;
GDNY5RO;Mini;Clubman;Osobowy;2011;Slawomir;Jankowski;05-11-2022;
GDR9BV9;Nissan;Murano;Osobowy;2015;Igor;Bednarek;06-11-2022;
GD3SFQ4;Chevrolet;Equinox;Osobowy;1998;Igor;Sadowski;06-11-2022;
GDXA5HO;GMC;Canyon;Ciezarowy;2022;Bartlomiej;Dabrowski;07-11-2022;
GD7Z3RU;Nissan;Murano;Osobowy;1994;Julian;Jakubowski;09-11-2022;
GDSYHIE;Kia;Telluride;Osobowy;2009;Bartlomiej;Sikora;09-11-2022;
GDQ9Q5C;Hyundai;Tucson;Osobowy;2013;Kazimierz;Baran;11-11-2022;
GDLRL4X;Mini;Countryman;Osobowy;2006;Juliusz;Majewski;12-11-2022;
GDUXDWF;Mercedes-Benz;E-Class;Osobowy;1997;Damian;Sokolowski;12-11-2022;
GDEJNL9;Chevrolet;Tahoe;Osobowy;1992;Karol;Cieslak;13-11-2022;
GD5DKUA;Porsche;911;Osobowy;2019;Marcin;Kaczor;15-11-2022;
GDJ0BGF;Volkswagen;Jetta;Osobowy;1991;Filip;Szczepanski;15-11-2022;
GDLVDM1;Volvo;XC60;Osobowy;2019;Kajetan;Czerwinski;16-11-2022;
GDIGSD3;Honda;CR-V;Osobowy;2011;Artur;Pajak;19-11-2022;
GDXLKQK;Fiat;500;Osobowy;1993;Kacper;Kwiatkowski;19-11-2022;
GD5UUSP;Hyundai;Elantra;Osobowy;1996;Konrad;Mikolajczyk;24-11-2022;
GDP93PK;Hyundai;Elantra;Osobowy;2014;Krzysztof;Kaczmarczyk;24-11-2022;
GD06XPJ;Buick;Encore;Osobowy;2012;Oskar;Tomasik;25-11-2022;
GDWDNAY;Jeep;Grand Cherokee;Osobowy;2008;Krzysztof;Baranowski;27-11-2022;
GDH0ANP;Audi;Q7;Osobowy;2008;Aleksander;Jozwiak;28-11-2022;
GDS2HM9;Buick;Regal;Osobowy;1992;Maksymilian;Krupa;29-11-2022;
GD6H0C5;Buick;Enclave;Osobowy;1994;Lukasz;Mikolajczyk;30-11-2022;
GDT4UF3;Ford;Mustang;Osobowy;2009;Julian;Madej;30-11-2022;
GDPXW30;Jaguar;F-Type;Osobowy;2009;Cezary;Jaworski;30-11-2022;
GDPNBQA;Honda;Accord;Osobowy;2003;Radoslaw;Romanowski;30-11-2022;
GD5WVP6;Dodge;Charger;Osobowy;2016;Kajetan;Tomaszewski;02-12-2022;
GDX5H6F;Buick;Regal;Osobowy;2021;Maciej;Golebiowski;03-12-2022;
GDL6J6D;Kia;Optima;Osobowy;2007;Adam;Kwiatkowski;06-12-2022;
GDBYXNC;GMC;Yukon;Osobowy;1996;Arkadiusz;Krawczyk;06-12-2022;
GD27XP0;Chevrolet;Silverado;Ciezarowy;1999;Andrzej;Piasecki;12-12-2022;
GD8VTLE;Kia;Optima;Osobowy;2009;Antoni;Adamczyk;12-12-2022;
GDUZ96S;Kia;Sportage;Osobowy;2015;Marek;Krupa;12-12-2022;
GD5LBPK;Toyota;RAV4;Osobowy;1995;Igor;Jozwiak;13-12-2022;
GD6CEVH;Buick;Enclave;Osobowy;2021;Julian;Wilk;13-12-2022;
GDZ9DV0;Mini;Countryman;Osobowy;2020;Grzegorz;Jablonski;14-12-2022;
GDKVYDM;Ford;Mustang;Osobowy;2008;Benedykt;Sobolewski;17-12-2022;
GDJND0D;Ford;F-150;Ciezarowy;2022;Antoni;Mazur;18-12-2022;
GDBOTVK;Audi;A6;Osobowy;2001;Julian;Kosinski;18-12-2022;
GDTF03L;Jeep;Renegade;Osobowy;1995;Marek;Stepnien;18-12-2022;
GDZN5ZN;Lexus;RX;Osobowy;1996;Aleksander;Majewski;18-12-2022;
GDYDUWA;Kia;Sportage;Osobowy;2000;Piotr;Madej;19-12-2022;
GDZFI7W;BMW;X3;Osobowy;1997;Dominik;Baran;19-12-2022;
GDAKDU3;Buick;Encore;Osobowy;1993;Sebastian;Stepnien;21-12-2022;
GDMHKHX;Tesla;Model S;Osobowy;2006;Piotr;Grzybowski;25-12-2022;
GD3UOV0;Kia;Optima;Osobowy;2011;Dominik;Nowicki;28-12-2022;
GDY3WDX;Chevrolet;Colorado;Ciezarowy;2019;Maciej;Lewandowski;30-12-2022;
GDROYVD;Cadillac;CT6;Osobowy;2011;Tomasz;Stepnien;30-12-2022;
GD18Z2F;Acura;MDX;Osobowy;2020;Wiktor;Palka;31-12-2022;
GDD0M9C;BMW;5 Series;Osobowy;1990;Przemyslaw;Tomasik;31-12-2022;
GDX7AW6;Lexus;ES;Osobowy;2016;Roman;Czarnecki;01-01-2023;
GD4BR2C;Buick;Regal;Osobowy;1996;Kamil;Czerwinski;01-01-2023;
GDO49YQ;Chrysler;300;Osobowy;2008;Kajetan;Niewiadomski;02-01-2023;
GDH8PNH;Honda;Accord;Osobowy;2008;Karol;Szymanski;02-01-2023;
GDQV0HT;Jaguar;XF;Osobowy;2019;Filip;Duda;03-01-2023;
GD1O8JM;Volkswagen;Passat;Osobowy;2009;Kazimierz;Mazur;04-01-2023;
GDW5XSY;Mini;Cooper;Osobowy;1999;Kacper;Sadowski;04-01-2023;
GD0LNIS;Kia;Sorento;Osobowy;1995;Sebastian;Lech;05-01-2023;
GD678AB;Chrysler;Voyager;Osobowy;2000;Artur;Grzybowski;07-01-2023;
GD10ABU;Mazda;MX-5;Osobowy;2001;Bartlomiej;Kurek;08-01-2023;
GDQNGKZ;GMC;Sierra;Ciezarowy;2002;Benedykt;Mikolajczyk;08-01-2023;
GDPHYVG;Hyundai;Tucson;Osobowy;2004;Lukasz;Kaminski;09-01-2023;
GDP5HXN;Subaru;Outback;Osobowy;1990;Stanislaw;Michalski;11-01-2023;
GDC6VOH;Jeep;Cherokee;Osobowy;2019;Stanislaw;Szymanski;11-01-2023;
GDF315L;Tesla;Model X;Osobowy;2003;Antoni;Sikora;11-01-2023;
GDRJ4PC;Volkswagen;Jetta;Osobowy;2002;Jan;Szymanski;12-01-2023;
GDN00SA;Tesla;Model X;Osobowy;2002;Artur;Zielinski;12-01-2023;
GDW231X;Volvo;XC60;Osobowy;2004;Kacper;Nowicki;14-01-2023;
GDSIEWT;Tesla;Model S;Osobowy;2009;Radoslaw;Wojcik;15-01-2023;
GDBWZVY;Audi;A6;Osobowy;2018;Dawid;Tomasik;16-01-2023;
GD69N88;Cadillac;Escalade;Osobowy;2005;Marcin;Kosinski;16-01-2023;
GDJK09M;Cadillac;XT5;Osobowy;2014;Kamil;Grzybowski;16-01-2023;
GD2JFMM;Ford;F-150;Ciezarowy;2014;Benedykt;Adamski;17-01-2023;
GD0RHH0;Ford;Mustang;Osobowy;1992;Radoslaw;Stepnien;17-01-2023;
GD4164J;Tesla;Model Y;Osobowy;2014;Adam;Malinowski;19-01-2023;
GD3U1OW;Audi;A4;Osobowy;2012;Hubert;Malinowski;20-01-2023;
GDH5OK7;Volkswagen;Golf;Osobowy;2004;Arkadiusz;Michalski;21-01-2023;
GDXWFU8;Kia;Telluride;Osobowy;2004;Antoni;Rutkowski;21-01-2023;
GD5C1R5;Chevrolet;Colorado;Ciezarowy;2007;Andrzej;Sikorski;21-01-2023;
GDRUY00;Mercedes-Benz;GLC;Osobowy;1991;Adrian;Majewski;22-01-2023;
GDYZGEO;Land Rover;Range Rover;Osobowy;2011;Artur;Wojcik;23-01-2023;
GDUWHIE;Tesla;Model S;Osobowy;2005;Konrad;Mucha;23-01-2023;
GDT766R;Porsche;911;Osobowy;2022;Wiktor;Mikolajczyk;23-01-2023;
GDRS2JB;Porsche;Panamera;Osobowy;2012;Marcin;Baran;24-01-2023;
GD7OVV4;Kia;Optima;Osobowy;1997;Artur;Wisniewski;24-01-2023;
GDSRZLG;Buick;Enclave;Osobowy;1996;Ryszard;Piasecki;26-01-2023;
GDS4MGB;Acura;MDX;Osobowy;2002;Gabriel;Szewczyk;26-01-2023;
GDAIH2H;Honda;Civic;Osobowy;2019;Ryszard;Baranowski;27-01-2023;
GDAM018;Lexus;RX;Osobowy;1996;Kacper;Krawczyk;29-01-2023;
GDSRYAR;Buick;Enclave;Osobowy;2019;Kajetan;Zawadzki;30-01-2023;
GD2D1PY;Toyota;4Runner;Osobowy;2022;Igor;Baran;30-01-2023;
GDQ5VUT;Cadillac;Escalade;Osobowy;2000;Grzegorz;Kubiak;02-02-2023;
GDSW9AN;Hyundai;Kona;Osobowy;2010;Radoslaw;Wozniak;02-02-2023;
GDOKW7J;Jeep;Cherokee;Osobowy;1991;Adam;Pajak;03-02-2023;
GD35ADL;Dodge;Challenger;Osobowy;1995;Arkadiusz;Cieslak;03-02-2023;
GDLF7T5;Audi;Q7;Osobowy;2007;Szymon;Jablonski;03-02-2023;
GDLZ7FO;Chevrolet;Silverado;Ciezarowy;2010;Daniel;Nowicki;04-02-2023;
GD9QFFL;Acura;RDX;Osobowy;2019;Emil;Wojciechowski;04-02-2023;
GDZKH6N;Tesla;Model Y;Osobowy;1993;Kacper;Rutkowski;07-02-2023;
GDU3KNK;Lexus;RX;Osobowy;2012;Adrian;Czarnecki;10-02-2023;
GDHVYSO;Honda;CR-V;Osobowy;2005;Kacper;Kaczmarczyk;10-02-2023;
GDJO14U;Honda;Civic;Osobowy;2012;Filip;Tomaszewski;11-02-2023;
GDKIT7K;Cadillac;Escalade;Osobowy;1990;Maksymilian;Grabowski;14-02-2023;
GD6OP9N;BMW;3 Series;Osobowy;2007;Jakub;Szczepanski;16-02-2023;
GDAJTAA;Acura;ILX;Osobowy;2017;Hubert;Adamczyk;17-02-2023;
GDM8T4U;Subaru;Impreza;Osobowy;1996;Wiktor;Mazur;17-02-2023;
GDSWXGO;Subaru;Forester;Osobowy;1990;Hubert;Kubiak;19-02-2023;
GD12CZR;Land Rover;Discovery;Osobowy;2016;Andrzej;Zalewski;20-02-2023;
GDAZ8I3;Audi;Q7;Osobowy;2022;Cezary;Olczyk;21-02-2023;
GDDMMRB;Jeep;Wrangler;Osobowy;1999;Jan;Kazmierczak;22-02-2023;
GDLTTUV;Nissan;Murano;Osobowy;1996;Hubert;Szewczyk;23-02-2023;
GD7MVLF;Ford;Explorer;Osobowy;2009;Maksymilian;Kowalski;24-02-2023;
GDEUKHI;Mazda;3;Osobowy;1991;Piotr;Wlodarczyk;24-02-2023;
GDLQHJB;BMW;X5;Osobowy;2012;Antoni;Jablonski;24-02-2023;
GDUGXJT;Honda;CR-V;Osobowy;1994;Andrzej;Tomaszewski;26-02-2023;
GD28755;GMC;Canyon;Ciezarowy;1992;Konrad;Szczepanski;26-02-2023;
GD1FXDG;Dodge;Charger;Osobowy;2013;Adrian;Krajewski;27-02-2023;
GDCK0FY;Subaru;Outback;Osobowy;2017;Dominik;Walczak;27-02-2023;
GDSQV8T;Buick;Encore;Osobowy;1997;Grzegorz;Mikolajczyk;28-02-2023;
GDHA3XR;Acura;RDX;Osobowy;1998;Adam;Kurek;01-03-2023;
GDFZA14;Chevrolet;Equinox;Osobowy;2015;Julian;Kurek;02-03-2023;
GDZX2WH;Chevrolet;Silverado;Ciezarowy;2022;Konrad;Kazmierczak;03-03-2023;
GDS1T08;Volvo;S60;Osobowy;2018;Kacper;Niewiadomski;03-03-2023;
GDNCSD4;Chrysler;Voyager;Osobowy;2004;Jan;Walczak;04-03-2023;
GDSFBF2;Dodge;Charger;Osobowy;2006;Oskar;Mikolajczyk;04-03-2023;
GD0TTGJ;Fiat;500X;Osobowy;1996;Filip;Cieslak;05-03-2023;
GDGZS64;GMC;Acadia;Osobowy;2008;Roman;Michalak;05-03-2023;
GD46MSP;Subaru;Impreza;Osobowy;2005;Oskar;Borowski;06-03-2023;
GDNPIZN;GMC;Acadia;Osobowy;1999;Dominik;Rozanski;08-03-2023;
GDWB2TE;Cadillac;CT6;Osobowy;1998;Emil;Borkowski;08-03-2023;
GDC48TB;Land Rover;Range Rover;Osobowy;1992;Grzegorz;Gorski;08-03-2023;
GDSANX3;Mercedes-Benz;S-Class;Osobowy;1993;Antoni;Piotrowski;09-03-2023;
GDET84R;GMC;Sierra;Ciezarowy;2016;Filip;Mazur;10-03-2023;
GDAZLPJ;Mercedes-Benz;E-Class;Osobowy;2017;Adrian;Wieczorek;10-03-2023;
GD2LMV1;Ford;Edge;Osobowy;2015;Marek;Olczyk;13-03-2023;
GDYYH0G;Volkswagen;Tiguan;Osobowy;2001;Damian;Stepnien;13-03-2023;
GD3WX83;Jaguar;F-Type;Osobowy;2015;Maksymilian;Wlodarczyk;13-03-2023;
GDR3G51;GMC;Yukon;Osobowy;2005;Cezary;Sikorski;14-03-2023;
GDMMEBV;Buick;Enclave;Osobowy;2018;Damian;Marciniak;16-03-2023;
GDF330U;Mercedes-Benz;GLC;Osobowy;1995;Artur;Stepnien;19-03-2023;
GDAX50O;Acura;RDX;Osobowy;2001;Adam;Romanowski;21-03-2023;
GDOKOMR;Mazda;CX-5;Osobowy;2004;Jakub;Pawlowski;21-03-2023;
GDOR1U4;Chevrolet;Tahoe;Osobowy;2008;Roman;Wlodarczyk;22-03-2023;
GDAIKN9;Volkswagen;Golf;Osobowy;1997;Cezary;Urbanski;22-03-2023;
GDKTSG7;BMW;5 Series;Osobowy;2000;Cezary;Adamczyk;23-03-2023;
GDP4WU5;Ford;Edge;Osobowy;1992;Hubert;Zajac;24-03-2023;
GDNH5CN;Chrysler;Voyager;Osobowy;2000;Robert;Michalak;24-03-2023;
GDWMHS8;Subaru;Crosstrek;Osobowy;2017;Juliusz;Szymanski;25-03-2023;
GD4HZYO;Kia;Sorento;Osobowy;2018;Cezary;Mikolajczyk;26-03-2023;
GDN0SFR;Mini;Countryman;Osobowy;1996;Benedykt;Jozwiak;27-03-2023;
GD6DEWA;Fiat;500;Osobowy;2014;Borys;Kurek;29-03-2023;
GDO87V3;Mini;Clubman;Osobowy;1998;Piotr;Kosinski;31-03-2023;
GD5OJ1K;Hyundai;Kona;Osobowy;2001;Kacper;Grzybowski;02-04-2023;
GDEC3BO;Fiat;500X;Osobowy;2014;Dawid;Nowak;02-04-2023;
GDQ6GRK;Kia;Optima;Osobowy;2008;Jan;Tomaszewski;03-04-2023;
GDPVI9V;Chrysler;Voyager;Osobowy;2004;Kacper;Tomaszewski;04-04-2023;
GD9DZMQ;BMW;X3;Osobowy;2008;Lukasz;Czarnecki;04-04-2023;
GD60AEV;Mazda;3;Osobowy;1998;Arkadiusz;Sikora;05-04-2023;
GDYPZZG;Ford;Mustang;Osobowy;1994;Adam;Jablonski;06-04-2023;
GDCY7WP;Audi;Q5;Osobowy;2003;Marek;Kazmierczak;06-04-2023;
GDJSOP0;Honda;Civic;Osobowy;1993;Maksymilian;Walczak;08-04-2023;
GDVN184;Chrysler;Pacifica;Osobowy;2006;Aleksander;Kaczor;09-04-2023;
GDDLA1W;Mazda;3;Osobowy;2003;Damian;Adamczyk;10-04-2023;
GD8RHJA;Honda;Civic;Osobowy;2016;Adrian;Romanowski;13-04-2023;
GDPQOXC;Mazda;MX-5;Osobowy;1991;Igor;Kowalik;14-04-2023;
GDAUOS7;Tesla;Model Y;Osobowy;2005;Ernest;Rutkowski;14-04-2023;
GD2AZE7;Buick;Regal;Osobowy;2020;Kajetan;Tomaszewski;16-04-2023;
GDQFKPN;Ford;Edge;Osobowy;2021;Jakub;Dabrowski;17-04-2023;
GDLH9LK;Toyota;Corolla;Osobowy;1992;Szymon;Sobczyk;18-04-2023;
GDQ8HCM;Buick;Enclave;Osobowy;2009;Ernest;Mazur;21-04-2023;
GDOZUGY;Ford;Explorer;Osobowy;1999;Igor;Mucha;21-04-2023;
GDWRN9M;GMC;Sierra;Ciezarowy;2021;Filip;Janik;22-04-2023;
GDYTY23;Volkswagen;Tiguan;Osobowy;1999;Kamil;Sikorski;23-04-2023;
GD1CBCO;Dodge;Charger;Osobowy;2006;Grzegorz;Sobczyk;23-04-2023;
GDO5UTF;Kia;Sportage;Osobowy;1991;Ernest;Szewczyk;24-04-2023;
GDK01N9;Chevrolet;Silverado;Ciezarowy;2001;Bartlomiej;Mucha;25-04-2023;
GDI7DAD;Acura;RDX;Osobowy;1999;Julian;Kurek;25-04-2023;
GD52PLZ;Honda;Accord;Osobowy;2000;Sebastian;Skowronski;26-04-2023;
GDEMDK8;Kia;Sorento;Osobowy;1991;Filip;Wieczorek;30-04-2023;
GD188D9;GMC;Canyon;Ciezarowy;2003;Igor;Sikorski;01-05-2023;
GDQTCZ8;Jaguar;F-Type;Osobowy;2013;Krzysztof;Krupa;01-05-2023;
GD6IT2J;Jeep;Cherokee;Osobowy;2011;Andrzej;Kwiatkowski;02-05-2023;
GDGEIZ9;Mazda;CX-5;Osobowy;2003;Benedykt;Skiba;03-05-2023;
GDVNLMC;Mercedes-Benz;S-Class;Osobowy;1999;Tomasz;Mazur;03-05-2023;
GD270C7;Land Rover;Defender;Osobowy;1990;Maksymilian;Palka;04-05-2023;
GDLBJBP;Fiat;500X;Osobowy;2009;Daniel;Kozlowski;04-05-2023;
GDSTI7G;Chevrolet;Equinox;Osobowy;2016;Maksymilian;Baranowski;06-05-2023;
GDSE3U2;Acura;RDX;Osobowy;1993;Maciej;Kurek;06-05-2023;
GD5HQO9;Tesla;Model Y;Osobowy;2003;Benedykt;Grzybowski;07-05-2023;
GDTA7ED;Honda;CR-V;Osobowy;1993;Hubert;Baranowski;10-05-2023;
GD8B5BW;Subaru;Crosstrek;Osobowy;2021;Arkadiusz;Sobczyk;10-05-2023;
GDZ7TME;Lexus;RX;Osobowy;1990;Dawid;Wozniak;10-05-2023;
GD04RFH;Nissan;Pathfinder;Osobowy;2005;Damian;Michalak;12-05-2023;
GDW3EW1;Buick;Regal;Osobowy;1992;Ernest;Nowakowski;12-05-2023;
GD4UQKD;Jeep;Grand Cherokee;Osobowy;2007;Bartlomiej;Lewandowski;13-05-2023;
GDFJCWO;Cadillac;Escalade;Osobowy;2005;Lukasz;Pawlowski;14-05-2023;
GDJ3IK2;Jeep;Grand Cherokee;Osobowy;2014;Kacper;Marciniak;15-05-2023;
GDNRI5F;Cadillac;XT5;Osobowy;1996;Karol;Nowakowski;15-05-2023;
GD8LX1V;Volkswagen;Golf;Osobowy;2013;Hubert;Pawlowski;17-05-2023;
GDH3NZF;Chevrolet;Silverado;Ciezarowy;2010;Dawid;Duda;18-05-2023;
GDJ29QL;Ford;Mustang;Osobowy;1992;Arkadiusz;Lewandowski;24-05-2023;
GDXG5A1;GMC;Yukon;Osobowy;2015;Dominik;Malinowski;24-05-2023;
GDXTAY4;Hyundai;Sonata;Osobowy;1991;Roman;Wieczorek;24-05-2023;
GDE6AJ8;Volvo;S60;Osobowy;2011;Piotr;Szczepanski;25-05-2023;
GDBB5UG;Audi;A4;Osobowy;1998;Benedykt;Wojcik;25-05-2023;
GDWFIV4;Mercedes-Benz;E-Class;Osobowy;2022;Daniel;Zielinski;26-05-2023;
GD258HI;Acura;MDX;Osobowy;2012;Emil;Piasecki;26-05-2023;
GDTVH66;Lexus;GX;Osobowy;2014;Karol;Bednarek;27-05-2023;
GDU25M3;Nissan;Pathfinder;Osobowy;2015;Maciej;Nowakowski;29-05-2023;
GDYX34R;Cadillac;XT5;Osobowy;2005;Kazimierz;Majewski;29-05-2023;
GD8GIDH;Jaguar;XF;Osobowy;2014;Artur;Tomaszewski;30-05-2023;
GD3W890;Lexus;RX;Osobowy;1997;Jerzy;Mucha;30-05-2023;
GDYUBK8;Volkswagen;Golf;Osobowy;2009;Artur;Wozniak;02-06-2023;
GD4C0A6;Subaru;Impreza;Osobowy;2019;Marek;Borowski;02-06-2023;
GDXPVCX;Ford;Edge;Osobowy;2003;Piotr;Krupa;03-06-2023;
GDZHR9I;Volvo;S60;Osobowy;2022;Daniel;Borkowski;03-06-2023;
GD459Y2;Honda;Accord;Osobowy;1998;Karol;Kowalski;05-06-2023;
GDP7LVI;Tesla;Model Y;Osobowy;2004;Dominik;Lewandowski;05-06-2023;
GDQRA8O;BMW;3 Series;Osobowy;2020;Filip;Sobolewski;07-06-2023;
GDDMKKW;Hyundai;Elantra;Osobowy;2020;Oskar;Rozanski;08-06-2023;
GDVMMA9;Chrysler;Voyager;Osobowy;1992;Ernest;Mucha;09-06-2023;
GD3T1J2;GMC;Sierra;Ciezarowy;2013;Juliusz;Nowacki;09-06-2023;
GDW9DFF;Porsche;911;Osobowy;2010;Benedykt;Michalak;09-06-2023;
GDZGYGP;Tesla;Model S;Osobowy;2011;Lukasz;Sikora;10-06-2023;
GDBRYL6;Chevrolet;Equinox;Osobowy;2008;Jan;Zawadzki;12-06-2023;
GD3T2NG;BMW;3 Series;Osobowy;2011;Kajetan;Mikolajczyk;14-06-2023;
GDLBVLI;GMC;Acadia;Osobowy;1997;Szymon;Grzybowski;15-06-2023;
GDJ35YQ;GMC;Sierra;Ciezarowy;2021;Aleksander;Mucha;16-06-2023;
GDE145E;Dodge;Challenger;Osobowy;2002;Borys;Jankowski;16-06-2023;
GDJ7FPC;Honda;CR-V;Osobowy;2002;Kamil;Lewandowski;18-06-2023;
GDTEINB;Chevrolet;Tahoe;Osobowy;2002;Kacper;Kubiak;20-06-2023;
GDLWIY1;Cadillac;Escalade;Osobowy;2005;Dominik;Michalak;20-06-2023;
GDC4LJB;Subaru;Outback;Osobowy;2002;Bartlomiej;Tomczak;20-06-2023;
GDF1XRZ;Porsche;Cayenne;Osobowy;2017;Jerzy;Duda;23-06-2023;
GD2JV11;BMW;3 Series;Osobowy;2021;Emil;Wojcicki;24-06-2023;
GDZ3J8Y;Subaru;Impreza;Osobowy;2020;Jan;Kosinski;25-06-2023;
GD1ZHYQ;Land Rover;Discovery;Osobowy;2004;Filip;Kaminski;26-06-2023;
GD4JKEM;Dodge;Durango;Osobowy;2000;Adam;Zajac;27-06-2023;
GDX8DET;Tesla;Model X;Osobowy;1993;Damian;Sikora;28-06-2023;
GDKP4KC;Tesla;Model 3;Osobowy;2018;Sebastian;Romanowski;01-07-2023;
GDLGU1V;Chevrolet;Colorado;Ciezarowy;2004;Konrad;Palka;02-07-2023;
GDTARSZ;Lexus;LS;Osobowy;2022;Kacper;Pajak;04-07-2023;
GDOWOOL;Tesla;Model 3;Osobowy;2003;Jacek;Sikora;04-07-2023;
GDPGP5T;Hyundai;Kona;Osobowy;2017;Patryk;Czarnecki;06-07-2023;
GDT2315;Toyota;Corolla;Osobowy;2001;Ernest;Lewandowski;07-07-2023;
GDYO5KT;GMC;Yukon;Osobowy;2021;Filip;Urbanski;07-07-2023;
GDP4KKT;Tesla;Model Y;Osobowy;2017;Maksymilian;Sikora;08-07-2023;
GDJ2YET;Toyota;Corolla;Osobowy;2022;Jan;Jablonski;08-07-2023;
GDLXSGM;BMW;5 Series;Osobowy;1994;Gabriel;Zielinski;09-07-2023;
GD22ZQC;Jaguar;XE;Osobowy;1992;Daniel;Kozlowski;10-07-2023;
GDQBZA5;Kia;Sorento;Osobowy;2021;Ernest;Kwiatkowski;12-07-2023;
GDA7C6F;Jaguar;F-Type;Osobowy;2019;Juliusz;Krupa;13-07-2023;
GD4V9XD;Hyundai;Tucson;Osobowy;2012;Grzegorz;Niewiadomski;14-07-2023;
GD8I73Q;Audi;A4;Osobowy;2004;Tomasz;Szymanski;15-07-2023;
GDNZU1R;Jaguar;XF;Osobowy;2016;Tymon;Chmielewski;17-07-2023;
GD0YXVI;Nissan;Murano;Osobowy;2011;Aleksander;Sikora;18-07-2023;
GDYZK98;Hyundai;Sonata;Osobowy;2015;Kajetan;Mucha;20-07-2023;
GDGKNHQ;Ford;F-150;Ciezarowy;1990;Tymon;Romanowski;20-07-2023;
GDQLHHA;Ford;F-150;Ciezarowy;1994;Artur;Kowalik;22-07-2023;
GD30QIZ;Porsche;Cayenne;Osobowy;2017;Kamil;Nowakowski;22-07-2023;
GDVNI07;Volvo;XC60;Osobowy;2021;Radoslaw;Gorski;23-07-2023;
GDTCSGU;Jaguar;F-Type;Osobowy;2018;Jerzy;Pawlowski;23-07-2023;
GDL6340;BMW;X5;Osobowy;2002;Hubert;Kaczmarek;24-07-2023;
GD1CCJJ;GMC;Yukon;Osobowy;1992;Kacper;Zalewski;27-07-2023;
GDDQEDK;Acura;MDX;Osobowy;1991;Kazimierz;Cieslak;28-07-2023;
GD8YJBW;Hyundai;Kona;Osobowy;2018;Jakub;Sobolewski;31-07-2023;
GDLYT9L;Kia;Telluride;Osobowy;2017;Lukasz;Zajac;04-08-2023;
GDYM5G7;Volvo;XC90;Osobowy;2022;Marcin;Czarnecki;05-08-2023;
GDRG4M9;Jaguar;F-Type;Osobowy;2010;Cezary;Lech;06-08-2023;
GD5HT02;Honda;Fit;Osobowy;2022;Przemyslaw;Cieslak;06-08-2023;
GDLF408;Tesla;Model S;Osobowy;1996;Maciej;Kosinski;07-08-2023;
GDK664D;Honda;Civic;Osobowy;1991;Sebastian;Jaworski;09-08-2023;
GDG13S1;Mazda;MX-5;Osobowy;2014;Jan;Sikora;09-08-2023;
GDH16S9;Toyota;Corolla;Osobowy;1991;Milosz;Rutkowski;10-08-2023;
GDAKFUX;Cadillac;Escalade;Osobowy;2000;Maciej;Mucha;13-08-2023;
GD77XK2;Mini;Cooper;Osobowy;2014;Aleksander;Wozniak;14-08-2023;
GD0SPLN;Jaguar;F-Type;Osobowy;2002;Marek;Nowakowski;15-08-2023;
GDGUAJ3;Kia;Sorento;Osobowy;2013;Dawid;Krzesinski;16-08-2023;
GDGWD5K;Lexus;ES;Osobowy;1990;Damian;Janik;16-08-2023;
GD0604L;Jaguar;XF;Osobowy;2017;Przemyslaw;Malinowski;20-08-2023;
GDEJTCM;Toyota;Camry;Osobowy;1994;Marek;Zielinski;22-08-2023;
GD1YIT7;Jaguar;F-Type;Osobowy;2003;Julian;Jaworski;28-08-2023;
GDORHGG;GMC;Acadia;Osobowy;2002;Maciej;Pawlowski;28-08-2023;
GDZ78SK;Ford;Explorer;Osobowy;1996;Jerzy;Adamczyk;29-08-2023;
GDG7Q7M;Honda;Fit;Osobowy;1992;Bartlomiej;Kazmierczak;29-08-2023;
GDI4LNA;Porsche;Cayenne;Osobowy;2001;Ryszard;Nowakowski;31-08-2023;
GD4CJ4V;Cadillac;XT5;Osobowy;2017;Marcin;Mazur;01-09-2023;
GDF3G47;Honda;Fit;Osobowy;2004;Marcin;Szewczyk;02-09-2023;
GDMUJ79;Mini;Clubman;Osobowy;2012;Maciej;Szymanski;02-09-2023;
GD5VPPI;Volkswagen;Passat;Osobowy;2004;Andrzej;Dabrowski;03-09-2023;
GD4MNYW;Land Rover;Discovery;Osobowy;2002;Kacper;Niewiadomski;03-09-2023;
GD7KXPI;Hyundai;Kona;Osobowy;2015;Kajetan;Sobczyk;04-09-2023;
GDBHYX3;Toyota;RAV4;Osobowy;1996;Arkadiusz;Kowalczyk;05-09-2023;
GDRZH6M;Lexus;ES;Osobowy;2004;Damian;Ostrowski;06-09-2023;
GD6PLC2;Fiat;124 Spider;Osobowy;2010;Maciej;Majewski;07-09-2023;
GD8VAKA;Buick;Regal;Osobowy;1995;Robert;Palka;08-09-2023;
GD7WZZW;Ford;Edge;Osobowy;2002;Oskar;Wojcicki;10-09-2023;
GDP49WP;Porsche;Panamera;Osobowy;2003;Aleksander;Wlodarczyk;10-09-2023;
GDFIP5H;Kia;Optima;Osobowy;2006;Adam;Kazmierczak;10-09-2023;
GDO0D8W;Buick;Regal;Osobowy;2006;Kazimierz;Czerwinski;15-09-2023;
GDDKSVB;Hyundai;Sonata;Osobowy;1996;Jakub;Nowakowski;16-09-2023;
GD84YH2;Lexus;ES;Osobowy;1995;Cezary;Stepnien;17-09-2023;
GDIYR9O;Volvo;S60;Osobowy;2013;Kamil;Borkowski;17-09-2023;
GDKOPRI;Ford;Mustang;Osobowy;2013;Andrzej;Krol;17-09-2023;
GD8XR5X;Land Rover;Discovery;Osobowy;2003;Damian;Piasecki;20-09-2023;
GDUQTNR;Dodge;Charger;Osobowy;2018;Dominik;Kosinski;21-09-2023;
GDNEGY4;Toyota;4Runner;Osobowy;2007;Krzysztof;Dabrowski;21-09-2023;
GD1LW6C;BMW;X5;Osobowy;2004;Jacek;Wlodarczyk;23-09-2023;
GD4BUFL;Mercedes-Benz;E-Class;Osobowy;2015;Artur;Szewczyk;27-09-2023;
GD9K43K;Land Rover;Range Rover;Osobowy;2018;Milosz;Madej;28-09-2023;
GDAYODZ;Fiat;500;Osobowy;2003;Damian;Czarnecki;29-09-2023;
GDPJ83L;Land Rover;Range Rover;Osobowy;1997;Lukasz;Sobczyk;30-09-2023;
GD1L0A2;Ford;Explorer;Osobowy;2008;Roman;Jablonski;01-10-2023;
GDJLV7Q;Honda;Accord;Osobowy;2008;Arkadiusz;Palka;02-10-2023;
GD2OXMQ;Dodge;Challenger;Osobowy;2017;Damian;Wilk;03-10-2023;
GD3CVCI;Hyundai;Sonata;Osobowy;2009;Filip;Kaczor;06-10-2023;
GDFVX1F;Kia;Telluride;Osobowy;2018;Konrad;Sikora;09-10-2023;
GD8JYW8;Volvo;XC90;Osobowy;2007;Marek;Szymanski;10-10-2023;
GDMCW6Z;Fiat;500;Osobowy;2016;Kajetan;Sadowski;10-10-2023;
GDMUBWE;Kia;Sorento;Osobowy;1993;Juliusz;Wilk;12-10-2023;
GDKQRB4;BMW;3 Series;Osobowy;1999;Lukasz;Rozanski;12-10-2023;
GD7SAVD;Volvo;S60;Osobowy;2022;Igor;Zalewski;15-10-2023;
GDAW1T0;GMC;Yukon;Osobowy;1995;Daniel;Borkowski;15-10-2023;
GDD2UD0;Tesla;Model X;Osobowy;2001;Dominik;Adamski;15-10-2023;
GDP4DWU;BMW;3 Series;Osobowy;2017;Slawomir;Sikora;17-10-2023;
GDWZ6YS;Kia;Telluride;Osobowy;2004;Kacper;Wojciechowski;18-10-2023;
GDRL4S6;BMW;3 Series;Osobowy;1997;Aleksander;Palka;18-10-2023;
GDR949I;Buick;Encore;Osobowy;1998;Ernest;Szymanski;19-10-2023;
GD8BBET;Nissan;Rogue;Osobowy;2011;Borys;Janik;20-10-2023;
GDLN9KZ;Dodge;Charger;Osobowy;1991;Jerzy;Czerwinski;20-10-2023;
GDP07ZS;Jeep;Renegade;Osobowy;2020;Maksymilian;Tomasik;22-10-2023;
GDBXEUU;Nissan;Pathfinder;Osobowy;1990;Artur;Marciniak;24-10-2023;
GD3NXC7;Volkswagen;Tiguan;Osobowy;1997;Cezary;Bednarek;24-10-2023;
GDUFQIU;Mini;Clubman;Osobowy;2008;Damian;Kurek;25-10-2023;
GDFLTPE;Mercedes-Benz;S-Class;Osobowy;2006;Krzysztof;Pawlowski;25-10-2023;
GDMMV8Z;Chevrolet;Colorado;Ciezarowy;2007;Marcin;Kubiak;26-10-2023;
GDCEWCD;Tesla;Model 3;Osobowy;2007;Konrad;Nowakowski;26-10-2023;
GDDQHAS;Buick;Encore;Osobowy;2019;Lukasz;Pajak;27-10-2023;
GDOPZND;Mercedes-Benz;GLC;Osobowy;1990;Filip;Szymanski;28-10-2023;
GDIJ6MN;Volkswagen;Tiguan;Osobowy;2009;Kacper;Kubiak;29-10-2023;
GDDWT48;Kia;Sorento;Osobowy;2004;Marcin;Nowakowski;29-10-2023;
GD64LP2;Tesla;Model Y;Osobowy;2017;Dawid;Sadowski;01-11-2023;
GD59ENI;Volvo;XC90;Osobowy;1993;Marek;Sokolowski;04-11-2023;
GDY0HFN;Toyota;Corolla;Osobowy;1997;Jan;Krol;06-11-2023;
GD394B3;Tesla;Model Y;Osobowy;2019;Szymon;Kurek;07-11-2023;
GDDOB0O;Cadillac;CT6;Osobowy;1994;Kamil;Duda;07-11-2023;
GDSD6TF;Chevrolet;Equinox;Osobowy;1997;Oskar;Borkowski;10-11-2023;
GD1NR6Q;Audi;Q5;Osobowy;1998;Ernest;Majewski;10-11-2023;
GDPYBXM;Dodge;Durango;Osobowy;2021;Ryszard;Niewiadomski;10-11-2023;
GDAPTU9;Audi;A4;Osobowy;1990;Kazimierz;Kubiak;10-11-2023;
GDMPNDG;Jeep;Renegade;Osobowy;1990;Jan;Walczak;11-11-2023;
GD4S04W;Lexus;RX;Osobowy;2016;Jacek;Krawczyk;13-11-2023;
GDNLAFU;Nissan;Altima;Osobowy;2021;Roman;Kaczor;16-11-2023;
GD66HBR;Chevrolet;Silverado;Ciezarowy;2022;Benedykt;Kaczmarczyk;18-11-2023;
GD2R0NN;Nissan;Pathfinder;Osobowy;2000;Gabriel;Kubiak;18-11-2023;
GDXKRYD;Audi;A4;Osobowy;1990;Damian;Chmielewski;19-11-2023;
GDAIBH1;Tesla;Model X;Osobowy;2022;Andrzej;Kozlowski;20-11-2023;
GD4Z3S8;Mini;Countryman;Osobowy;2022;Karol;Nowakowski;20-11-2023;
GDERDUK;Chevrolet;Equinox;Osobowy;2008;Borys;Tomasik;21-11-2023;
GDTBWD0;Tesla;Model S;Osobowy;1994;Dominik;Nowacki;22-11-2023;
GDN17A3;Nissan;Pathfinder;Osobowy;1996;Juliusz;Mucha;26-11-2023;
GD3YYKN;Toyota;Corolla;Osobowy;2000;Cezary;Kowalczyk;27-11-2023;
GDZVBOQ;Hyundai;Sonata;Osobowy;2006;Julian;Krawczyk;27-11-2023;
GDTDI8Q;Nissan;Pathfinder;Osobowy;1990;Piotr;Nowak;28-11-2023;
GDN7JGJ;Hyundai;Sonata;Osobowy;1992;Radoslaw;Sobolewski;29-11-2023;
GDLFBH2;Hyundai;Tucson;Osobowy;1997;Borys;Kosinski;30-11-2023;
